cname,cowcode,year,creation,reform,direction,increase,decrease,regional,lvau_garriga,lvaw_garriga,cuk_ceo,cuk_obj,cuk_pol,cuk_limlen,Other_data,lvaw_cuk,lvaw_polillo,direction_pol,lvaw_sadeh,lvaw_crowe,lvaw_bh,reform_bh,direction_bh,increase_bh,decrease_bh,incgr1,income_gr,ht_region
United States of America,2,1970,0,0,0,0,0,0,0.3991557,0.4803947,0.4375,0.4,0.1333333,0.6257895,NA,0.48,NA,NA,0.48,NA,NA,NA,NA,NA,NA,4,High income: OECD,5. Western Europe and North America
United States of America,2,1971,0,0,0,0,0,0,0.3991557,0.4803947,0.4375,0.4,0.1333333,0.6257895,NA,0.48,NA,NA,0.48,NA,NA,NA,NA,NA,NA,4,High income: OECD,5. Western Europe and North America
United States of America,2,1972,0,0,0,0,0,0,0.3991557,0.4803947,0.4375,0.4,0.1333333,0.6257895,NA,0.48,NA,NA,0.48,NA,0.47516667,0,0,0,0,4,High income: OECD,5. Western Europe and North America
United States of America,2,1973,0,0,0,0,0,0,0.3991557,0.4803947,0.4375,0.4,0.1333333,0.6257895,NA,0.48,NA,NA,0.48,NA,0.47516667,0,0,0,0,4,High income: OECD,5. Western Europe and North America
United States of America,2,1974,0,0,0,0,0,0,0.3991557,0.4803947,0.4375,0.4,0.1333333,0.6257895,NA,0.48,NA,NA,0.48,NA,0.47516667,0,0,0,0,4,High income: OECD,5. Western Europe and North America
United States of America,2,1975,0,0,0,0,0,0,0.3991557,0.4803947,0.4375,0.4,0.1333333,0.6257895,NA,0.48,NA,NA,0.48,NA,0.47516667,0,0,0,0,4,High income: OECD,5. Western Europe and North America
United States of America,2,1976,0,0,0,0,0,0,0.3991557,0.4803947,0.4375,0.4,0.1333333,0.6257895,NA,0.48,NA,NA,0.48,NA,0.47516667,0,0,0,0,4,High income: OECD,5. Western Europe and North America
United States of America,2,1977,0,0,0,0,0,0,0.3991557,0.4803947,0.4375,0.4,0.1333333,0.6257895,NA,0.48,NA,NA,0.48,NA,0.47516667,0,0,0,0,4,High income: OECD,5. Western Europe and North America
United States of America,2,1978,0,0,0,0,0,0,0.3991557,0.4803947,0.4375,0.4,0.1333333,0.6257895,NA,0.48,NA,NA,0.48,NA,0.47516667,0,0,0,0,4,High income: OECD,5. Western Europe and North America
United States of America,2,1979,0,0,0,0,0,0,0.3991557,0.4803947,0.4375,0.4,0.1333333,0.6257895,NA,0.48,NA,NA,0.48,NA,0.47516667,0,0,0,0,4,High income: OECD,5. Western Europe and North America
United States of America,2,1980,0,0,0,0,0,0,0.3991557,0.4803947,0.4375,0.4,0.1333333,0.6257895,NA,0.48,NA,NA,0.48,NA,0.47516667,0,0,0,0,4,High income: OECD,5. Western Europe and North America
United States of America,2,1981,0,0,0,0,0,0,0.3991557,0.4803947,0.4375,0.4,0.1333333,0.6257895,NA,0.48,NA,NA,0.48,NA,0.47516667,0,0,0,0,4,High income: OECD,5. Western Europe and North America
United States of America,2,1982,0,0,0,0,0,0,0.3991557,0.4803947,0.4375,0.4,0.1333333,0.6257895,NA,0.48,NA,NA,0.48,NA,0.47516667,0,0,0,0,4,High income: OECD,5. Western Europe and North America
United States of America,2,1983,0,0,0,0,0,0,0.3991557,0.4803947,0.4375,0.4,0.1333333,0.6257895,NA,0.48,NA,NA,0.48,NA,0.47516667,0,0,0,0,4,High income: OECD,5. Western Europe and North America
United States of America,2,1984,0,0,0,0,0,0,0.3991557,0.4803947,0.4375,0.4,0.1333333,0.6257895,NA,0.48,NA,NA,0.48,NA,0.47516667,0,0,0,0,4,High income: OECD,5. Western Europe and North America
United States of America,2,1985,0,0,0,0,0,0,0.3991557,0.4803947,0.4375,0.4,0.1333333,0.6257895,NA,0.48,NA,NA,0.48,NA,0.47516667,0,0,0,0,4,High income: OECD,5. Western Europe and North America
United States of America,2,1986,0,0,0,0,0,0,0.3991557,0.4803947,0.4375,0.4,0.1333333,0.6257895,NA,0.48,NA,NA,0.48,NA,0.47516667,0,0,0,0,4,High income: OECD,5. Western Europe and North America
United States of America,2,1987,0,0,0,0,0,0,0.3991557,0.4803947,0.4375,0.4,0.1333333,0.6257895,NA,0.48,NA,NA,0.48,NA,0.47516667,0,0,0,0,4,High income: OECD,5. Western Europe and North America
United States of America,2,1988,0,0,0,0,0,0,0.3991557,0.4803947,0.4375,0.4,0.1333333,0.6257895,NA,0.48,NA,NA,0.48,NA,0.47516667,0,0,0,0,4,High income: OECD,5. Western Europe and North America
United States of America,2,1989,0,0,0,0,0,0,0.3991557,0.4803947,0.4375,0.4,0.1333333,0.6257895,NA,0.48,0.48,0,0.48,NA,0.47516667,0,0,0,0,4,High income: OECD,5. Western Europe and North America
United States of America,2,1990,0,0,0,0,0,0,0.3991557,0.4803947,0.4375,0.4,0.1333333,0.6257895,NA,NA,0.48,0,0.48,NA,0.47516667,0,0,0,0,4,High income: OECD,5. Western Europe and North America
United States of America,2,1991,0,0,0,0,0,0,0.3991557,0.4803947,0.4375,0.4,0.1333333,0.6257895,NA,NA,0.48,0,0.48,NA,0.47516667,0,0,0,0,4,High income: OECD,5. Western Europe and North America
United States of America,2,1992,0,0,0,0,0,0,0.3991557,0.4803947,0.4375,0.4,0.1333333,0.6257895,NA,NA,0.48,0,0.48,NA,0.47516667,0,0,0,0,4,High income: OECD,5. Western Europe and North America
United States of America,2,1993,0,0,0,0,0,0,0.3991557,0.4803947,0.4375,0.4,0.1333333,0.6257895,NA,NA,0.48,0,0.48,NA,0.47516667,0,0,0,0,4,High income: OECD,5. Western Europe and North America
United States of America,2,1994,0,0,0,0,0,0,0.3991557,0.4803947,0.4375,0.4,0.1333333,0.6257895,NA,NA,0.48,0,0.48,NA,0.47516667,0,0,0,0,4,High income: OECD,5. Western Europe and North America
United States of America,2,1995,0,0,0,0,0,0,0.3991557,0.4803947,0.4375,0.4,0.1333333,0.6257895,NA,NA,0.48,0,0.48,NA,0.47516667,0,0,0,0,4,High income: OECD,5. Western Europe and North America
United States of America,2,1996,0,0,0,0,0,0,0.3991557,0.4803947,0.4375,0.4,0.1333333,0.6257895,NA,NA,0.48,0,0.48,NA,0.47516667,0,0,0,0,4,High income: OECD,5. Western Europe and North America
United States of America,2,1997,0,0,0,0,0,0,0.3991557,0.4803947,0.4375,0.4,0.1333333,0.6257895,NA,NA,0.48,0,0.48,NA,0.47516667,0,0,0,0,4,High income: OECD,5. Western Europe and North America
United States of America,2,1998,0,0,0,0,0,0,0.3991557,0.4803947,0.4375,0.4,0.1333333,0.6257895,NA,NA,0.48,0,0.48,NA,0.47516667,0,0,0,0,4,High income: OECD,5. Western Europe and North America
United States of America,2,1999,0,0,0,0,0,0,0.3991557,0.4803947,0.4375,0.4,0.1333333,0.6257895,NA,NA,0.48,0,0.48,NA,0.47516667,0,0,0,0,4,High income: OECD,5. Western Europe and North America
United States of America,2,2000,0,0,0,0,0,0,0.3991557,0.4803947,0.4375,0.4,0.1333333,0.6257895,NA,NA,0.48,0,0.48,NA,0.47516667,0,0,0,0,4,High income: OECD,5. Western Europe and North America
United States of America,2,2001,0,0,0,0,0,0,0.3991557,0.4803947,0.4375,0.4,0.1333333,0.6257895,NA,NA,NA,NA,0.48,NA,0.47516667,0,0,0,0,4,High income: OECD,5. Western Europe and North America
United States of America,2,2002,0,0,0,0,0,0,0.3991557,0.4803947,0.4375,0.4,0.1333333,0.6257895,NA,NA,NA,NA,0.48,NA,0.47516667,0,0,0,0,4,High income: OECD,5. Western Europe and North America
United States of America,2,2003,0,0,0,0,0,0,0.3991557,0.4803947,0.4375,0.4,0.1333333,0.6257895,NA,NA,NA,NA,0.48,0.48,0.47516667,0,0,0,0,4,High income: OECD,5. Western Europe and North America
United States of America,2,2004,0,0,0,0,0,0,0.3991557,0.4803947,0.4375,0.4,0.1333333,0.6257895,NA,NA,NA,NA,0.48,NA,0.47516667,0,0,0,0,4,High income: OECD,5. Western Europe and North America
United States of America,2,2005,0,0,0,0,0,0,0.3991557,0.4803947,0.4375,0.4,0.1333333,0.6257895,NA,NA,NA,NA,0.48,NA,0.47516667,0,0,0,0,4,High income: OECD,5. Western Europe and North America
United States of America,2,2006,0,0,0,0,0,0,0.3991557,0.4803947,0.4375,0.4,0.1333333,0.6257895,NA,NA,NA,NA,NA,NA,0.47516667,0,0,0,0,4,High income: OECD,5. Western Europe and North America
United States of America,2,2007,0,0,0,0,0,0,0.3991557,0.4803947,0.4375,0.4,0.1333333,0.6257895,NA,NA,NA,NA,NA,NA,0.47516667,0,0,0,0,4,High income: OECD,5. Western Europe and North America
United States of America,2,2008,0,0,0,0,0,0,0.3991557,0.4803947,0.4375,0.4,0.1333333,0.6257895,NA,NA,NA,NA,NA,NA,0.47516667,0,0,0,0,4,High income: OECD,5. Western Europe and North America
United States of America,2,2009,0,0,0,0,0,0,0.3991557,0.4803947,0.4375,0.4,0.1333333,0.6257895,NA,NA,NA,NA,NA,NA,0.47516667,0,0,0,0,4,High income: OECD,5. Western Europe and North America
United States of America,2,2010,0,0,0,0,0,0,0.3991557,0.4803947,0.4375,0.4,0.1333333,0.6257895,NA,NA,NA,NA,NA,NA,0.47516667,0,0,0,0,4,High income: OECD,5. Western Europe and North America
United States of America,2,2011,0,0,0,0,0,0,0.3991557,0.4803947,0.4375,0.4,0.1333333,0.6257895,NA,NA,NA,NA,NA,NA,NA,NA,NA,NA,NA,4,High income: OECD,5. Western Europe and North America
United States of America,2,2012,0,0,0,0,0,0,0.3991557,0.4803947,0.4375,0.4,0.1333333,0.6257895,NA,NA,NA,NA,NA,NA,NA,NA,NA,NA,NA,4,High income: OECD,5. Western Europe and North America
Canada,20,1970,0,0,0,0,0,0,0.417125,0.450625,0.8325,0.2,0.1825,0.4535,NA,0.45,NA,NA,0.45,NA,NA,NA,NA,NA,NA,4,High income: OECD,5. Western Europe and North America
Canada,20,1971,0,0,0,0,0,0,0.417125,0.450625,0.8325,0.2,0.1825,0.4535,NA,0.45,NA,NA,0.45,NA,NA,NA,NA,NA,NA,4,High income: OECD,5. Western Europe and North America
Canada,20,1972,0,0,0,0,0,0,0.417125,0.450625,0.8325,0.2,0.1825,0.4535,NA,0.45,NA,NA,0.45,NA,0.472125,0,0,0,0,4,High income: OECD,5. Western Europe and North America
Canada,20,1973,0,0,0,0,0,0,0.417125,0.450625,0.8325,0.2,0.1825,0.4535,NA,0.45,NA,NA,0.45,NA,0.472125,0,0,0,0,4,High income: OECD,5. Western Europe and North America
Canada,20,1974,0,0,0,0,0,0,0.417125,0.450625,0.8325,0.2,0.1825,0.4535,NA,0.45,NA,NA,0.45,NA,0.472125,0,0,0,0,4,High income: OECD,5. Western Europe and North America
Canada,20,1975,0,0,0,0,0,0,0.417125,0.450625,0.8325,0.2,0.1825,0.4535,NA,0.45,NA,NA,0.45,NA,0.472125,0,0,0,0,4,High income: OECD,5. Western Europe and North America
Canada,20,1976,0,0,0,0,0,0,0.417125,0.450625,0.8325,0.2,0.1825,0.4535,NA,0.45,NA,NA,0.45,NA,0.472125,0,0,0,0,4,High income: OECD,5. Western Europe and North America
Canada,20,1977,0,0,0,0,0,0,0.417125,0.450625,0.8325,0.2,0.1825,0.4535,NA,0.45,NA,NA,0.45,NA,0.472125,0,0,0,0,4,High income: OECD,5. Western Europe and North America
Canada,20,1978,0,0,0,0,0,0,0.417125,0.450625,0.8325,0.2,0.1825,0.4535,NA,0.45,NA,NA,0.45,NA,0.472125,0,0,0,0,4,High income: OECD,5. Western Europe and North America
Canada,20,1979,0,0,0,0,0,0,0.417125,0.450625,0.8325,0.2,0.1825,0.4535,NA,0.45,NA,NA,0.45,NA,0.472125,0,0,0,0,4,High income: OECD,5. Western Europe and North America
Canada,20,1980,0,0,0,0,0,0,0.417125,0.450625,0.8325,0.2,0.1825,0.4535,NA,0.45,NA,NA,0.45,NA,0.472125,0,0,0,0,4,High income: OECD,5. Western Europe and North America
Canada,20,1981,0,0,0,0,0,0,0.417125,0.450625,0.8325,0.2,0.1825,0.4535,NA,0.45,NA,NA,0.45,NA,0.472125,0,0,0,0,4,High income: OECD,5. Western Europe and North America
Canada,20,1982,0,0,0,0,0,0,0.417125,0.450625,0.8325,0.2,0.1825,0.4535,NA,0.45,NA,NA,0.45,NA,0.472125,0,0,0,0,4,High income: OECD,5. Western Europe and North America
Canada,20,1983,0,0,0,0,0,0,0.417125,0.450625,0.8325,0.2,0.1825,0.4535,NA,0.45,NA,NA,0.45,NA,0.472125,0,0,0,0,4,High income: OECD,5. Western Europe and North America
Canada,20,1984,0,0,0,0,0,0,0.417125,0.450625,0.8325,0.2,0.1825,0.4535,NA,0.45,NA,NA,0.45,NA,0.472125,0,0,0,0,4,High income: OECD,5. Western Europe and North America
Canada,20,1985,0,0,0,0,0,0,0.417125,0.450625,0.8325,0.2,0.1825,0.4535,NA,0.45,NA,NA,0.45,NA,0.472125,0,0,0,0,4,High income: OECD,5. Western Europe and North America
Canada,20,1986,0,0,0,0,0,0,0.417125,0.450625,0.8325,0.2,0.1825,0.4535,NA,0.45,NA,NA,0.45,NA,0.472125,0,0,0,0,4,High income: OECD,5. Western Europe and North America
Canada,20,1987,0,0,0,0,0,0,0.417125,0.450625,0.8325,0.2,0.1825,0.4535,NA,0.45,NA,NA,0.45,NA,0.472125,0,0,0,0,4,High income: OECD,5. Western Europe and North America
Canada,20,1988,0,0,0,0,0,0,0.417125,0.450625,0.8325,0.2,0.1825,0.4535,NA,0.45,NA,NA,0.45,NA,0.472125,0,0,0,0,4,High income: OECD,5. Western Europe and North America
Canada,20,1989,0,0,0,0,0,0,0.417125,0.450625,0.8325,0.2,0.1825,0.4535,NA,0.45,0.45,0,0.45,NA,0.472125,0,0,0,0,4,High income: OECD,5. Western Europe and North America
Canada,20,1990,0,0,0,0,0,0,0.417125,0.450625,0.8325,0.2,0.1825,0.4535,NA,NA,0.45,0,0.45,NA,0.472125,0,0,0,0,4,High income: OECD,5. Western Europe and North America
Canada,20,1991,0,0,0,0,0,0,0.417125,0.450625,0.8325,0.2,0.1825,0.4535,NA,NA,0.45,0,0.45,NA,0.472125,0,0,0,0,4,High income: OECD,5. Western Europe and North America
Canada,20,1992,0,0,0,0,0,0,0.417125,0.450625,0.8325,0.2,0.1825,0.4535,NA,NA,0.45,0,0.45,NA,0.472125,0,0,0,0,4,High income: OECD,5. Western Europe and North America
Canada,20,1993,0,0,0,0,0,0,0.417125,0.450625,0.8325,0.2,0.1825,0.4535,NA,NA,0.45,0,0.45,NA,0.472125,0,0,0,0,4,High income: OECD,5. Western Europe and North America
Canada,20,1994,0,0,0,0,0,0,0.417125,0.450625,0.8325,0.2,0.1825,0.4535,NA,NA,0.45,0,0.45,NA,0.472125,0,0,0,0,4,High income: OECD,5. Western Europe and North America
Canada,20,1995,0,0,0,0,0,0,0.417125,0.450625,0.8325,0.2,0.1825,0.4535,NA,NA,0.45,0,0.45,NA,0.472125,0,0,0,0,4,High income: OECD,5. Western Europe and North America
Canada,20,1996,0,0,0,0,0,0,0.417125,0.450625,0.8325,0.2,0.1825,0.4535,NA,NA,0.45,0,0.45,NA,0.472125,0,0,0,0,4,High income: OECD,5. Western Europe and North America
Canada,20,1997,0,0,0,0,0,0,0.417125,0.450625,0.8325,0.2,0.1825,0.4535,NA,NA,0.45,0,0.45,NA,0.472125,0,0,0,0,4,High income: OECD,5. Western Europe and North America
Canada,20,1998,0,0,0,0,0,0,0.417125,0.450625,0.8325,0.2,0.1825,0.4535,NA,NA,0.45,0,0.45,NA,0.472125,0,0,0,0,4,High income: OECD,5. Western Europe and North America
Canada,20,1999,0,0,0,0,0,0,0.417125,0.450625,0.8325,0.2,0.1825,0.4535,NA,NA,0.45,0,0.45,NA,0.472125,0,0,0,0,4,High income: OECD,5. Western Europe and North America
Canada,20,2000,0,0,0,0,0,0,0.417125,0.450625,0.8325,0.2,0.1825,0.4535,NA,NA,0.45,0,0.45,NA,0.472125,0,0,0,0,4,High income: OECD,5. Western Europe and North America
Canada,20,2001,0,1,1,1,0,0,0.477875,0.472375,0.8325,0.4,0.2675,0.4115,NA,NA,NA,NA,0.45,NA,0.472125,0,0,0,0,4,High income: OECD,5. Western Europe and North America
Canada,20,2002,0,0,0,0,0,0,0.477875,0.472375,0.8325,0.4,0.2675,0.4115,NA,NA,NA,NA,0.45,NA,0.472125,0,0,0,0,4,High income: OECD,5. Western Europe and North America
Canada,20,2003,0,0,0,0,0,0,0.477875,0.472375,0.8325,0.4,0.2675,0.4115,NA,NA,NA,NA,0.45,0.47,0.472125,0,0,0,0,4,High income: OECD,5. Western Europe and North America
Canada,20,2004,0,0,0,0,0,0,0.477875,0.472375,0.8325,0.4,0.2675,0.4115,NA,NA,NA,NA,0.45,NA,0.472125,0,0,0,0,4,High income: OECD,5. Western Europe and North America
Canada,20,2005,0,0,0,0,0,0,0.477875,0.472375,0.8325,0.4,0.2675,0.4115,NA,NA,NA,NA,0.45,NA,0.472125,0,0,0,0,4,High income: OECD,5. Western Europe and North America
Canada,20,2006,0,0,0,0,0,0,0.477875,0.472375,0.8325,0.4,0.2675,0.4115,NA,NA,NA,NA,NA,NA,0.472125,0,0,0,0,4,High income: OECD,5. Western Europe and North America
Canada,20,2007,0,0,0,0,0,0,0.477875,0.472375,0.8325,0.4,0.2675,0.4115,NA,NA,NA,NA,NA,NA,0.472125,0,0,0,0,4,High income: OECD,5. Western Europe and North America
Canada,20,2008,0,0,0,0,0,0,0.477875,0.472375,0.8325,0.4,0.2675,0.4115,NA,NA,NA,NA,NA,NA,0.472125,0,0,0,0,4,High income: OECD,5. Western Europe and North America
Canada,20,2009,0,0,0,0,0,0,0.477875,0.472375,0.8325,0.4,0.2675,0.4115,NA,NA,NA,NA,NA,NA,0.472125,0,0,0,0,4,High income: OECD,5. Western Europe and North America
Canada,20,2010,0,0,0,0,0,0,0.477875,0.472375,0.8325,0.4,0.2675,0.4115,NA,NA,NA,NA,NA,NA,0.472125,0,0,0,0,4,High income: OECD,5. Western Europe and North America
Canada,20,2011,0,0,0,0,0,0,0.477875,0.472375,0.8325,0.4,0.2675,0.4115,NA,NA,NA,NA,NA,NA,NA,NA,NA,NA,NA,4,High income: OECD,5. Western Europe and North America
Canada,20,2012,0,0,0,0,0,0,0.477875,0.472375,0.8325,0.4,0.2675,0.4115,NA,NA,NA,NA,NA,NA,NA,NA,NA,NA,NA,4,High income: OECD,5. Western Europe and North America
Bahamas,31,1972,NA,NA,NA,NA,NA,NA,NA,NA,NA,NA,NA,NA,NA,0.41,NA,NA,NA,NA,NA,NA,NA,NA,NA,4,High income: nonOECD,10. The Caribbean
Bahamas,31,1973,0,0,0,0,0,0,0.408125,0.41125,0.4575,0.6,0.165,0.41,NA,0.41,NA,NA,NA,NA,NA,NA,NA,NA,NA,4,High income: nonOECD,10. The Caribbean
Bahamas,31,1974,0,0,0,0,0,0,0.408125,0.41125,0.4575,0.6,0.165,0.41,NA,0.41,NA,NA,NA,NA,NA,NA,NA,NA,NA,4,High income: nonOECD,10. The Caribbean
Bahamas,31,1975,0,0,0,0,0,0,0.408125,0.41125,0.4575,0.6,0.165,0.41,NA,0.41,NA,NA,NA,NA,NA,NA,NA,NA,NA,4,High income: nonOECD,10. The Caribbean
Bahamas,31,1976,0,0,0,0,0,0,0.408125,0.41125,0.4575,0.6,0.165,0.41,NA,0.41,NA,NA,NA,NA,NA,NA,NA,NA,NA,4,High income: nonOECD,10. The Caribbean
Bahamas,31,1977,0,0,0,0,0,0,0.408125,0.41125,0.4575,0.6,0.165,0.41,NA,0.41,NA,NA,NA,NA,NA,NA,NA,NA,NA,4,High income: nonOECD,10. The Caribbean
Bahamas,31,1978,0,0,0,0,0,0,0.408125,0.41125,0.4575,0.6,0.165,0.41,NA,0.41,NA,NA,NA,NA,NA,NA,NA,NA,NA,4,High income: nonOECD,10. The Caribbean
Bahamas,31,1979,0,0,0,0,0,0,0.408125,0.41125,0.4575,0.6,0.165,0.41,NA,0.41,NA,NA,NA,NA,NA,NA,NA,NA,NA,4,High income: nonOECD,10. The Caribbean
Bahamas,31,1980,0,0,0,0,0,0,0.408125,0.41125,0.4575,0.6,0.165,0.41,NA,0.41,NA,NA,NA,NA,NA,NA,NA,NA,NA,4,High income: nonOECD,10. The Caribbean
Bahamas,31,1981,0,0,0,0,0,0,0.408125,0.41125,0.4575,0.6,0.165,0.41,NA,0.41,NA,NA,NA,NA,NA,NA,NA,NA,NA,4,High income: nonOECD,10. The Caribbean
Bahamas,31,1982,0,0,0,0,0,0,0.408125,0.41125,0.4575,0.6,0.165,0.41,NA,0.41,NA,NA,NA,NA,NA,NA,NA,NA,NA,4,High income: nonOECD,10. The Caribbean
Bahamas,31,1983,0,0,0,0,0,0,0.408125,0.41125,0.4575,0.6,0.165,0.41,NA,0.41,NA,NA,NA,NA,NA,NA,NA,NA,NA,4,High income: nonOECD,10. The Caribbean
Bahamas,31,1984,0,0,0,0,0,0,0.408125,0.41125,0.4575,0.6,0.165,0.41,NA,0.41,NA,NA,NA,NA,NA,NA,NA,NA,NA,4,High income: nonOECD,10. The Caribbean
Bahamas,31,1985,0,0,0,0,0,0,0.408125,0.41125,0.4575,0.6,0.165,0.41,NA,0.41,NA,NA,NA,NA,NA,NA,NA,NA,NA,4,High income: nonOECD,10. The Caribbean
Bahamas,31,1986,0,0,0,0,0,0,0.408125,0.41125,0.4575,0.6,0.165,0.41,NA,0.41,NA,NA,NA,NA,NA,NA,NA,NA,NA,4,High income: nonOECD,10. The Caribbean
Bahamas,31,1987,0,0,0,0,0,0,0.408125,0.41125,0.4575,0.6,0.165,0.41,NA,0.41,NA,NA,NA,NA,NA,NA,NA,NA,NA,4,High income: nonOECD,10. The Caribbean
Bahamas,31,1988,0,0,0,0,0,0,0.408125,0.41125,0.4575,0.6,0.165,0.41,NA,0.41,NA,NA,NA,NA,NA,NA,NA,NA,NA,4,High income: nonOECD,10. The Caribbean
Bahamas,31,1989,0,0,0,0,0,0,0.408125,0.41125,0.4575,0.6,0.165,0.41,NA,0.41,0.41,0,NA,NA,NA,NA,NA,NA,NA,4,High income: nonOECD,10. The Caribbean
Bahamas,31,1990,0,0,0,0,0,0,0.408125,0.41125,0.4575,0.6,0.165,0.41,NA,NA,0.41,0,NA,NA,NA,NA,NA,NA,NA,4,High income: nonOECD,10. The Caribbean
Bahamas,31,1991,0,0,0,0,0,0,0.408125,0.41125,0.4575,0.6,0.165,0.41,NA,NA,0.41,0,NA,NA,NA,NA,NA,NA,NA,4,High income: nonOECD,10. The Caribbean
Bahamas,31,1992,0,0,0,0,0,0,0.408125,0.41125,0.4575,0.6,0.165,0.41,NA,NA,0.41,0,NA,NA,NA,NA,NA,NA,NA,4,High income: nonOECD,10. The Caribbean
Bahamas,31,1993,0,0,0,0,0,0,0.408125,0.41125,0.4575,0.6,0.165,0.41,NA,NA,0.41,0,NA,NA,NA,NA,NA,NA,NA,4,High income: nonOECD,10. The Caribbean
Bahamas,31,1994,0,0,0,0,0,0,0.408125,0.41125,0.4575,0.6,0.165,0.41,NA,NA,0.41,0,NA,NA,NA,NA,NA,NA,NA,4,High income: nonOECD,10. The Caribbean
Bahamas,31,1995,0,0,0,0,0,0,0.408125,0.41125,0.4575,0.6,0.165,0.41,NA,NA,0.41,0,NA,NA,NA,NA,NA,NA,NA,4,High income: nonOECD,10. The Caribbean
Bahamas,31,1996,0,0,0,0,0,0,0.408125,0.41125,0.4575,0.6,0.165,0.41,NA,NA,0.41,0,NA,NA,NA,NA,NA,NA,NA,4,High income: nonOECD,10. The Caribbean
Bahamas,31,1997,0,0,0,0,0,0,0.408125,0.41125,0.4575,0.6,0.165,0.41,NA,NA,0.41,0,NA,NA,NA,NA,NA,NA,NA,4,High income: nonOECD,10. The Caribbean
Bahamas,31,1998,0,0,0,0,0,0,0.408125,0.41125,0.4575,0.6,0.165,0.41,NA,NA,0.41,0,NA,NA,NA,NA,NA,NA,NA,4,High income: nonOECD,10. The Caribbean
Bahamas,31,1999,0,0,0,0,0,0,0.408125,0.41125,0.4575,0.6,0.165,0.41,NA,NA,0.41,0,NA,NA,NA,NA,NA,NA,NA,4,High income: nonOECD,10. The Caribbean
Bahamas,31,2000,0,1,-1,0,1,0,0.404375,0.40375,0.4575,0.6,0.165,0.395,NA,NA,0.47,1,NA,NA,NA,NA,NA,NA,NA,4,High income: nonOECD,10. The Caribbean
Bahamas,31,2001,0,0,0,0,0,0,0.404375,0.40375,0.4575,0.6,0.165,0.395,NA,NA,NA,NA,NA,NA,NA,NA,NA,NA,NA,4,High income: nonOECD,10. The Caribbean
Bahamas,31,2002,0,0,0,0,0,0,0.404375,0.40375,0.4575,0.6,0.165,0.395,NA,NA,NA,NA,NA,NA,NA,NA,NA,NA,NA,4,High income: nonOECD,10. The Caribbean
Bahamas,31,2003,0,0,0,0,0,0,0.404375,0.40375,0.4575,0.6,0.165,0.395,NA,NA,NA,NA,NA,0.4,NA,NA,NA,NA,NA,4,High income: nonOECD,10. The Caribbean
Bahamas,31,2004,0,0,0,0,0,0,0.404375,0.40375,0.4575,0.6,0.165,0.395,NA,NA,NA,NA,NA,NA,NA,NA,NA,NA,NA,4,High income: nonOECD,10. The Caribbean
Bahamas,31,2005,0,0,0,0,0,0,0.404375,0.40375,0.4575,0.6,0.165,0.395,NA,NA,NA,NA,NA,NA,NA,NA,NA,NA,NA,4,High income: nonOECD,10. The Caribbean
Bahamas,31,2006,0,0,0,0,0,0,0.404375,0.40375,0.4575,0.6,0.165,0.395,NA,NA,NA,NA,NA,NA,NA,NA,NA,NA,NA,4,High income: nonOECD,10. The Caribbean
Bahamas,31,2007,0,0,0,0,0,0,0.404375,0.40375,0.4575,0.6,0.165,0.395,NA,NA,NA,NA,NA,NA,NA,NA,NA,NA,NA,4,High income: nonOECD,10. The Caribbean
Bahamas,31,2008,0,0,0,0,0,0,0.404375,0.40375,0.4575,0.6,0.165,0.395,NA,NA,NA,NA,NA,NA,NA,NA,NA,NA,NA,4,High income: nonOECD,10. The Caribbean
Bahamas,31,2009,0,0,0,0,0,0,0.404375,0.40375,0.4575,0.6,0.165,0.395,NA,NA,NA,NA,NA,NA,NA,NA,NA,NA,NA,4,High income: nonOECD,10. The Caribbean
Bahamas,31,2010,0,0,0,0,0,0,0.404375,0.40375,0.4575,0.6,0.165,0.395,NA,NA,NA,NA,NA,NA,NA,NA,NA,NA,NA,4,High income: nonOECD,10. The Caribbean
Bahamas,31,2011,0,0,0,0,0,0,0.404375,0.40375,0.4575,0.6,0.165,0.395,NA,NA,NA,NA,NA,NA,NA,NA,NA,NA,NA,4,High income: nonOECD,10. The Caribbean
Bahamas,31,2012,0,0,0,0,0,0,0.404375,0.40375,0.4575,0.6,0.165,0.395,NA,NA,NA,NA,NA,NA,NA,NA,NA,NA,NA,4,High income: nonOECD,10. The Caribbean
Cuba,40,1970,0,0,0,0,0,0,NA,NA,NA,NA,NA,NA,NA,NA,NA,NA,NA,NA,NA,NA,NA,NA,NA,3,Upper middle income,2. Latin America
Cuba,40,1971,0,0,0,0,0,0,NA,NA,NA,NA,NA,NA,NA,NA,NA,NA,NA,NA,NA,NA,NA,NA,NA,3,Upper middle income,2. Latin America
Cuba,40,1972,0,0,0,0,0,0,NA,NA,NA,NA,NA,NA,NA,NA,NA,NA,NA,NA,NA,NA,NA,NA,NA,3,Upper middle income,2. Latin America
Cuba,40,1973,0,0,0,0,0,0,NA,NA,NA,NA,NA,NA,NA,NA,NA,NA,NA,NA,NA,NA,NA,NA,NA,3,Upper middle income,2. Latin America
Cuba,40,1974,0,0,0,0,0,0,NA,NA,NA,NA,NA,NA,NA,NA,NA,NA,NA,NA,NA,NA,NA,NA,NA,3,Upper middle income,2. Latin America
Cuba,40,1975,0,0,0,0,0,0,NA,NA,NA,NA,NA,NA,NA,NA,NA,NA,NA,NA,NA,NA,NA,NA,NA,3,Upper middle income,2. Latin America
Cuba,40,1976,0,0,0,0,0,0,NA,NA,NA,NA,NA,NA,NA,NA,NA,NA,NA,NA,NA,NA,NA,NA,NA,3,Upper middle income,2. Latin America
Cuba,40,1977,0,0,0,0,0,0,NA,NA,NA,NA,NA,NA,NA,NA,NA,NA,NA,NA,NA,NA,NA,NA,NA,3,Upper middle income,2. Latin America
Cuba,40,1978,0,0,0,0,0,0,NA,NA,NA,NA,NA,NA,NA,NA,NA,NA,NA,NA,NA,NA,NA,NA,NA,3,Upper middle income,2. Latin America
Cuba,40,1979,0,0,0,0,0,0,NA,NA,NA,NA,NA,NA,NA,NA,NA,NA,NA,NA,NA,NA,NA,NA,NA,3,Upper middle income,2. Latin America
Cuba,40,1980,0,0,0,0,0,0,NA,NA,NA,NA,NA,NA,NA,NA,NA,NA,NA,NA,NA,NA,NA,NA,NA,3,Upper middle income,2. Latin America
Cuba,40,1981,0,0,0,0,0,0,NA,NA,NA,NA,NA,NA,NA,NA,NA,NA,NA,NA,NA,NA,NA,NA,NA,3,Upper middle income,2. Latin America
Cuba,40,1982,0,0,0,0,0,0,NA,NA,NA,NA,NA,NA,NA,NA,NA,NA,NA,NA,NA,NA,NA,NA,NA,3,Upper middle income,2. Latin America
Cuba,40,1983,0,0,0,0,0,0,NA,NA,NA,NA,NA,NA,NA,NA,NA,NA,NA,NA,NA,NA,NA,NA,NA,3,Upper middle income,2. Latin America
Cuba,40,1984,0,0,0,0,0,0,NA,NA,NA,NA,NA,NA,NA,NA,NA,NA,NA,NA,NA,NA,NA,NA,NA,3,Upper middle income,2. Latin America
Cuba,40,1985,0,0,0,0,0,0,NA,NA,NA,NA,NA,NA,NA,NA,NA,NA,NA,NA,NA,NA,NA,NA,NA,3,Upper middle income,2. Latin America
Cuba,40,1986,0,0,0,0,0,0,NA,NA,NA,NA,NA,NA,NA,NA,NA,NA,NA,NA,NA,NA,NA,NA,NA,3,Upper middle income,2. Latin America
Cuba,40,1987,0,0,0,0,0,0,NA,NA,NA,NA,NA,NA,NA,NA,NA,NA,NA,NA,NA,NA,NA,NA,NA,3,Upper middle income,2. Latin America
Cuba,40,1988,0,0,0,0,0,0,NA,NA,NA,NA,NA,NA,NA,NA,NA,NA,NA,NA,NA,NA,NA,NA,NA,3,Upper middle income,2. Latin America
Cuba,40,1989,0,0,0,0,0,0,NA,NA,NA,NA,NA,NA,NA,NA,NA,NA,NA,NA,NA,NA,NA,NA,NA,3,Upper middle income,2. Latin America
Cuba,40,1990,0,0,0,0,0,0,NA,NA,NA,NA,NA,NA,NA,NA,NA,NA,NA,NA,NA,NA,NA,NA,NA,3,Upper middle income,2. Latin America
Cuba,40,1991,0,0,0,0,0,0,NA,NA,NA,NA,NA,NA,NA,NA,NA,NA,NA,NA,NA,NA,NA,NA,NA,3,Upper middle income,2. Latin America
Cuba,40,1992,0,0,0,0,0,0,NA,NA,NA,NA,NA,NA,NA,NA,NA,NA,NA,NA,NA,NA,NA,NA,NA,3,Upper middle income,2. Latin America
Cuba,40,1993,0,0,0,0,0,0,NA,NA,NA,NA,NA,NA,NA,NA,NA,NA,NA,NA,NA,NA,NA,NA,NA,3,Upper middle income,2. Latin America
Cuba,40,1994,0,0,0,0,0,0,NA,NA,NA,NA,NA,NA,NA,NA,NA,NA,NA,NA,NA,NA,NA,NA,NA,3,Upper middle income,2. Latin America
Cuba,40,1995,0,0,0,0,0,0,NA,NA,NA,NA,NA,NA,NA,NA,NA,NA,NA,NA,NA,NA,NA,NA,NA,3,Upper middle income,2. Latin America
Cuba,40,1996,0,0,0,0,0,0,NA,NA,NA,NA,NA,NA,NA,NA,NA,NA,NA,NA,NA,NA,NA,NA,NA,3,Upper middle income,2. Latin America
Cuba,40,1997,0,1,1,1,0,0,0.3091557,0.2251864,0.3333333,0.67,0.1675,0.0657895,NA,NA,NA,NA,NA,NA,NA,NA,NA,NA,NA,3,Upper middle income,2. Latin America
Cuba,40,1998,0,0,0,0,0,0,0.3091557,0.2251864,0.3333333,0.67,0.1675,0.0657895,NA,NA,NA,NA,NA,NA,NA,NA,NA,NA,NA,3,Upper middle income,2. Latin America
Cuba,40,1999,0,0,0,0,0,0,0.3091557,0.2251864,0.3333333,0.67,0.1675,0.0657895,NA,NA,NA,NA,NA,NA,NA,NA,NA,NA,NA,3,Upper middle income,2. Latin America
Cuba,40,2000,0,0,0,0,0,0,0.3091557,0.2251864,0.3333333,0.67,0.1675,0.0657895,NA,NA,NA,NA,NA,NA,NA,NA,NA,NA,NA,3,Upper middle income,2. Latin America
Cuba,40,2001,0,0,0,0,0,0,0.3091557,0.2251864,0.3333333,0.67,0.1675,0.0657895,NA,NA,NA,NA,NA,NA,NA,NA,NA,NA,NA,3,Upper middle income,2. Latin America
Cuba,40,2002,0,0,0,0,0,0,0.3091557,0.2251864,0.3333333,0.67,0.1675,0.0657895,NA,NA,NA,NA,NA,NA,NA,NA,NA,NA,NA,3,Upper middle income,2. Latin America
Cuba,40,2003,0,0,0,0,0,0,0.3091557,0.2251864,0.3333333,0.67,0.1675,0.0657895,NA,NA,NA,NA,NA,NA,NA,NA,NA,NA,NA,3,Upper middle income,2. Latin America
Cuba,40,2004,0,0,0,0,0,0,0.3091557,0.2251864,0.3333333,0.67,0.1675,0.0657895,NA,NA,NA,NA,NA,NA,NA,NA,NA,NA,NA,3,Upper middle income,2. Latin America
Cuba,40,2005,0,0,0,0,0,0,0.3091557,0.2251864,0.3333333,0.67,0.1675,0.0657895,NA,NA,NA,NA,NA,NA,NA,NA,NA,NA,NA,3,Upper middle income,2. Latin America
Cuba,40,2006,0,0,0,0,0,0,0.3091557,0.2251864,0.3333333,0.67,0.1675,0.0657895,NA,NA,NA,NA,NA,NA,NA,NA,NA,NA,NA,3,Upper middle income,2. Latin America
Cuba,40,2007,0,0,0,0,0,0,0.3091557,0.2251864,0.3333333,0.67,0.1675,0.0657895,NA,NA,NA,NA,NA,NA,NA,NA,NA,NA,NA,3,Upper middle income,2. Latin America
Cuba,40,2008,0,0,0,0,0,0,0.3091557,0.2251864,0.3333333,0.67,0.1675,0.0657895,NA,NA,NA,NA,NA,NA,NA,NA,NA,NA,NA,3,Upper middle income,2. Latin America
Cuba,40,2009,0,0,0,0,0,0,0.3091557,0.2251864,0.3333333,0.67,0.1675,0.0657895,NA,NA,NA,NA,NA,NA,NA,NA,NA,NA,NA,3,Upper middle income,2. Latin America
Cuba,40,2010,0,0,0,0,0,0,0.3091557,0.2251864,0.3333333,0.67,0.1675,0.0657895,NA,NA,NA,NA,NA,NA,NA,NA,NA,NA,NA,3,Upper middle income,2. Latin America
Cuba,40,2011,0,0,0,0,0,0,0.3091557,0.2251864,0.3333333,0.67,0.1675,0.0657895,NA,NA,NA,NA,NA,NA,NA,NA,NA,NA,NA,3,Upper middle income,2. Latin America
Cuba,40,2012,0,0,0,0,0,0,0.3091557,0.2251864,0.3333333,0.67,0.1675,0.0657895,NA,NA,NA,NA,NA,NA,NA,NA,NA,NA,NA,3,Upper middle income,2. Latin America
Haiti,41,1979,1,1,1,1,0,0,0.47575,0.3755,0.52,0.4,0.8,0.183,NA,NA,NA,NA,NA,NA,NA,NA,NA,NA,NA,1,Low income,2. Latin America
Haiti,41,1980,0,0,0,0,0,0,0.47575,0.3755,0.52,0.4,0.8,0.183,NA,NA,NA,NA,NA,NA,NA,NA,NA,NA,NA,1,Low income,2. Latin America
Haiti,41,1981,0,0,0,0,0,0,0.47575,0.3755,0.52,0.4,0.8,0.183,NA,NA,NA,NA,NA,NA,NA,NA,NA,NA,NA,1,Low income,2. Latin America
Haiti,41,1982,0,0,0,0,0,0,0.47575,0.3755,0.52,0.4,0.8,0.183,NA,NA,NA,NA,NA,NA,NA,NA,NA,NA,NA,1,Low income,2. Latin America
Haiti,41,1983,0,0,0,0,0,0,0.47575,0.3755,0.52,0.4,0.8,0.183,NA,NA,NA,NA,NA,NA,NA,NA,NA,NA,NA,1,Low income,2. Latin America
Haiti,41,1984,0,0,0,0,0,0,0.47575,0.3755,0.52,0.4,0.8,0.183,NA,NA,NA,NA,NA,NA,NA,NA,NA,NA,NA,1,Low income,2. Latin America
Haiti,41,1985,0,0,0,0,0,0,0.47575,0.3755,0.52,0.4,0.8,0.183,NA,NA,NA,NA,NA,NA,NA,NA,NA,NA,NA,1,Low income,2. Latin America
Haiti,41,1986,0,0,0,0,0,0,0.47575,0.3755,0.52,0.4,0.8,0.183,NA,NA,NA,NA,NA,NA,NA,NA,NA,NA,NA,1,Low income,2. Latin America
Haiti,41,1987,0,0,0,0,0,0,0.47575,0.3755,0.52,0.4,0.8,0.183,NA,NA,NA,NA,NA,NA,NA,NA,NA,NA,NA,1,Low income,2. Latin America
Haiti,41,1988,0,0,0,0,0,0,0.47575,0.3755,0.52,0.4,0.8,0.183,NA,NA,NA,NA,NA,NA,NA,NA,NA,NA,NA,1,Low income,2. Latin America
Haiti,41,1989,0,0,0,0,0,0,0.47575,0.3755,0.52,0.4,0.8,0.183,NA,NA,NA,NA,NA,NA,NA,NA,NA,NA,NA,1,Low income,2. Latin America
Haiti,41,1990,0,0,0,0,0,0,0.47575,0.3755,0.52,0.4,0.8,0.183,NA,NA,NA,NA,NA,NA,NA,NA,NA,NA,NA,1,Low income,2. Latin America
Haiti,41,1991,0,0,0,0,0,0,0.47575,0.3755,0.52,0.4,0.8,0.183,NA,NA,NA,NA,NA,NA,NA,NA,NA,NA,NA,1,Low income,2. Latin America
Haiti,41,1992,0,0,0,0,0,0,0.47575,0.3755,0.52,0.4,0.8,0.183,NA,NA,NA,NA,NA,NA,NA,NA,NA,NA,NA,1,Low income,2. Latin America
Haiti,41,1993,0,0,0,0,0,0,0.47575,0.3755,0.52,0.4,0.8,0.183,NA,NA,NA,NA,NA,NA,NA,NA,NA,NA,NA,1,Low income,2. Latin America
Haiti,41,1994,0,0,0,0,0,0,0.47575,0.3755,0.52,0.4,0.8,0.183,NA,NA,NA,NA,NA,NA,NA,NA,NA,NA,NA,1,Low income,2. Latin America
Haiti,41,1995,0,0,0,0,0,0,0.47575,0.3755,0.52,0.4,0.8,0.183,NA,NA,NA,NA,NA,NA,NA,NA,NA,NA,NA,1,Low income,2. Latin America
Haiti,41,1996,0,0,0,0,0,0,0.47575,0.3755,0.52,0.4,0.8,0.183,NA,NA,NA,NA,NA,NA,NA,NA,NA,NA,NA,1,Low income,2. Latin America
Haiti,41,1997,0,0,0,0,0,0,0.47575,0.3755,0.52,0.4,0.8,0.183,NA,NA,NA,NA,NA,NA,NA,NA,NA,NA,NA,1,Low income,2. Latin America
Haiti,41,1998,0,0,0,0,0,0,0.47575,0.3755,0.52,0.4,0.8,0.183,NA,NA,NA,NA,NA,NA,NA,NA,NA,NA,NA,1,Low income,2. Latin America
Haiti,41,1999,0,0,0,0,0,0,0.47575,0.3755,0.52,0.4,0.8,0.183,NA,NA,NA,NA,NA,NA,NA,NA,NA,NA,NA,1,Low income,2. Latin America
Haiti,41,2000,0,0,0,0,0,0,0.47575,0.3755,0.52,0.4,0.8,0.183,NA,NA,NA,NA,NA,NA,NA,NA,NA,NA,NA,1,Low income,2. Latin America
Haiti,41,2001,0,0,0,0,0,0,0.47575,0.3755,0.52,0.4,0.8,0.183,NA,NA,NA,NA,NA,NA,NA,NA,NA,NA,NA,1,Low income,2. Latin America
Haiti,41,2002,0,0,0,0,0,0,0.47575,0.3755,0.52,0.4,0.8,0.183,NA,NA,NA,NA,NA,NA,NA,NA,NA,NA,NA,1,Low income,2. Latin America
Haiti,41,2003,0,0,0,0,0,0,0.47575,0.3755,0.52,0.4,0.8,0.183,NA,NA,NA,NA,NA,NA,NA,NA,NA,NA,NA,1,Low income,2. Latin America
Haiti,41,2004,0,0,0,0,0,0,0.47575,0.3755,0.52,0.4,0.8,0.183,NA,NA,NA,NA,NA,NA,NA,NA,NA,NA,NA,1,Low income,2. Latin America
Haiti,41,2005,0,0,0,0,0,0,0.47575,0.3755,0.52,0.4,0.8,0.183,NA,NA,NA,NA,NA,NA,NA,NA,NA,NA,NA,1,Low income,2. Latin America
Haiti,41,2006,0,0,0,0,0,0,0.47575,0.3755,0.52,0.4,0.8,0.183,NA,NA,NA,NA,NA,NA,NA,NA,NA,NA,NA,1,Low income,2. Latin America
Haiti,41,2007,0,0,0,0,0,0,0.47575,0.3755,0.52,0.4,0.8,0.183,NA,NA,NA,NA,NA,NA,NA,NA,NA,NA,NA,1,Low income,2. Latin America
Haiti,41,2008,0,0,0,0,0,0,0.47575,0.3755,0.52,0.4,0.8,0.183,NA,NA,NA,NA,NA,NA,NA,NA,NA,NA,NA,1,Low income,2. Latin America
Haiti,41,2009,0,0,0,0,0,0,0.47575,0.3755,0.52,0.4,0.8,0.183,NA,NA,NA,NA,NA,NA,NA,NA,NA,NA,NA,1,Low income,2. Latin America
Haiti,41,2010,0,0,0,0,0,0,0.47575,0.3755,0.52,0.4,0.8,0.183,NA,NA,NA,NA,NA,NA,NA,NA,NA,NA,NA,1,Low income,2. Latin America
Haiti,41,2011,0,0,0,0,0,0,0.47575,0.3755,0.52,0.4,0.8,0.183,NA,NA,NA,NA,NA,NA,NA,NA,NA,NA,NA,1,Low income,2. Latin America
Haiti,41,2012,0,0,0,0,0,0,0.47575,0.3755,0.52,0.4,0.8,0.183,NA,NA,NA,NA,NA,NA,NA,NA,NA,NA,NA,1,Low income,2. Latin America
Dominican Republic,42,1970,0,0,0,0,0,0,NA,NA,NA,NA,NA,NA,NA,NA,NA,NA,NA,NA,NA,NA,NA,NA,NA,3,Upper middle income,2. Latin America
Dominican Republic,42,1971,0,0,0,0,0,0,NA,NA,NA,NA,NA,NA,NA,NA,NA,NA,NA,NA,NA,NA,NA,NA,NA,3,Upper middle income,2. Latin America
Dominican Republic,42,1972,0,0,0,0,0,0,NA,NA,NA,NA,NA,NA,NA,NA,NA,NA,NA,NA,NA,NA,NA,NA,NA,3,Upper middle income,2. Latin America
Dominican Republic,42,1973,0,0,0,0,0,0,NA,NA,NA,NA,NA,NA,NA,NA,NA,NA,NA,NA,NA,NA,NA,NA,NA,3,Upper middle income,2. Latin America
Dominican Republic,42,1974,0,0,0,0,0,0,NA,NA,NA,NA,NA,NA,NA,NA,NA,NA,NA,NA,NA,NA,NA,NA,NA,3,Upper middle income,2. Latin America
Dominican Republic,42,1975,0,0,0,0,0,0,NA,NA,NA,NA,NA,NA,NA,NA,NA,NA,NA,NA,NA,NA,NA,NA,NA,3,Upper middle income,2. Latin America
Dominican Republic,42,1976,0,0,0,0,0,0,NA,NA,NA,NA,NA,NA,NA,NA,NA,NA,NA,NA,NA,NA,NA,NA,NA,3,Upper middle income,2. Latin America
Dominican Republic,42,1977,0,0,0,0,0,0,NA,NA,NA,NA,NA,NA,NA,NA,NA,NA,NA,NA,NA,NA,NA,NA,NA,3,Upper middle income,2. Latin America
Dominican Republic,42,1978,0,0,0,0,0,0,NA,NA,NA,NA,NA,NA,NA,NA,NA,NA,NA,NA,NA,NA,NA,NA,NA,3,Upper middle income,2. Latin America
Dominican Republic,42,1979,0,0,0,0,0,0,NA,NA,NA,NA,NA,NA,NA,NA,NA,NA,NA,NA,NA,NA,NA,NA,NA,3,Upper middle income,2. Latin America
Dominican Republic,42,1980,0,0,0,0,0,0,NA,NA,NA,NA,NA,NA,NA,NA,NA,NA,NA,NA,NA,NA,NA,NA,NA,3,Upper middle income,2. Latin America
Dominican Republic,42,1981,0,0,0,0,0,0,NA,NA,NA,NA,NA,NA,NA,NA,NA,NA,NA,NA,NA,NA,NA,NA,NA,3,Upper middle income,2. Latin America
Dominican Republic,42,1982,0,0,0,0,0,0,NA,NA,NA,NA,NA,NA,NA,NA,NA,NA,NA,NA,NA,NA,NA,NA,NA,3,Upper middle income,2. Latin America
Dominican Republic,42,1983,0,0,0,0,0,0,NA,NA,NA,NA,NA,NA,NA,NA,NA,NA,NA,NA,NA,NA,NA,NA,NA,3,Upper middle income,2. Latin America
Dominican Republic,42,1984,0,0,0,0,0,0,NA,NA,NA,NA,NA,NA,NA,NA,NA,NA,NA,NA,NA,NA,NA,NA,NA,3,Upper middle income,2. Latin America
Dominican Republic,42,1985,0,0,0,0,0,0,NA,NA,NA,NA,NA,NA,NA,NA,NA,NA,NA,NA,NA,NA,NA,NA,NA,3,Upper middle income,2. Latin America
Dominican Republic,42,1986,0,0,0,0,0,0,NA,NA,NA,NA,NA,NA,NA,NA,NA,NA,NA,NA,NA,NA,NA,NA,NA,3,Upper middle income,2. Latin America
Dominican Republic,42,1987,0,0,0,0,0,0,NA,NA,NA,NA,NA,NA,NA,NA,NA,NA,NA,NA,NA,NA,NA,NA,NA,3,Upper middle income,2. Latin America
Dominican Republic,42,1988,0,0,0,0,0,0,NA,NA,NA,NA,NA,NA,NA,NA,NA,NA,NA,NA,NA,NA,NA,NA,NA,3,Upper middle income,2. Latin America
Dominican Republic,42,1989,0,0,0,0,0,0,NA,NA,NA,NA,NA,NA,NA,NA,NA,NA,NA,NA,NA,NA,NA,NA,NA,3,Upper middle income,2. Latin America
Dominican Republic,42,1990,0,0,0,0,0,0,0.654875,0.625,0.7075,0.6,0.75,0.562,NA,NA,NA,NA,NA,NA,0.4345,0,0,0,0,3,Upper middle income,2. Latin America
Dominican Republic,42,1991,0,0,0,0,0,0,0.654875,0.625,0.7075,0.6,0.75,0.562,NA,NA,NA,NA,NA,NA,0.4345,0,0,0,0,3,Upper middle income,2. Latin America
Dominican Republic,42,1992,0,0,0,0,0,0,0.654875,0.625,0.7075,0.6,0.75,0.562,NA,NA,NA,NA,NA,NA,0.4345,0,0,0,0,3,Upper middle income,2. Latin America
Dominican Republic,42,1993,0,0,0,0,0,0,0.654875,0.625,0.7075,0.6,0.75,0.562,NA,NA,NA,NA,NA,NA,0.4345,0,0,0,0,3,Upper middle income,2. Latin America
Dominican Republic,42,1994,0,0,0,0,0,0,0.654875,0.625,0.7075,0.6,0.75,0.562,NA,NA,NA,NA,NA,NA,0.4345,0,0,0,0,3,Upper middle income,2. Latin America
Dominican Republic,42,1995,0,0,0,0,0,0,0.654875,0.625,0.7075,0.6,0.75,0.562,NA,NA,NA,NA,NA,NA,0.4345,0,0,0,0,3,Upper middle income,2. Latin America
Dominican Republic,42,1996,0,0,0,0,0,0,0.654875,0.625,0.7075,0.6,0.75,0.562,NA,NA,NA,NA,NA,NA,0.4345,0,0,0,0,3,Upper middle income,2. Latin America
Dominican Republic,42,1997,0,0,0,0,0,0,0.654875,0.625,0.7075,0.6,0.75,0.562,NA,NA,NA,NA,NA,NA,0.4345,0,0,0,0,3,Upper middle income,2. Latin America
Dominican Republic,42,1998,0,0,0,0,0,0,0.654875,0.625,0.7075,0.6,0.75,0.562,NA,NA,NA,NA,NA,NA,0.4345,0,0,0,0,3,Upper middle income,2. Latin America
Dominican Republic,42,1999,0,0,0,0,0,0,0.654875,0.625,0.7075,0.6,0.75,0.562,NA,NA,NA,NA,NA,NA,0.4345,0,0,0,0,3,Upper middle income,2. Latin America
Dominican Republic,42,2000,0,0,0,0,0,0,0.654875,0.625,0.7075,0.6,0.75,0.562,NA,NA,NA,NA,NA,NA,0.4345,0,0,0,0,3,Upper middle income,2. Latin America
Dominican Republic,42,2001,0,0,0,0,0,0,0.654875,0.625,0.7075,0.6,0.75,0.562,NA,NA,NA,NA,NA,NA,0.4345,0,0,0,0,3,Upper middle income,2. Latin America
Dominican Republic,42,2002,0,1,1,1,0,0,0.604,0.64825,0.5825,0.6,0.5,0.7335,NA,NA,NA,NA,NA,NA,0.6935,1,1,1,0,3,Upper middle income,2. Latin America
Dominican Republic,42,2003,0,0,0,0,0,0,0.604,0.64825,0.5825,0.6,0.5,0.7335,NA,NA,NA,NA,NA,NA,0.6935,0,0,0,0,3,Upper middle income,2. Latin America
Dominican Republic,42,2004,0,0,0,0,0,0,0.604,0.64825,0.5825,0.6,0.5,0.7335,NA,NA,NA,NA,NA,NA,0.6935,0,0,0,0,3,Upper middle income,2. Latin America
Dominican Republic,42,2005,0,0,0,0,0,0,0.604,0.64825,0.5825,0.6,0.5,0.7335,NA,NA,NA,NA,NA,NA,0.6935,0,0,0,0,3,Upper middle income,2. Latin America
Dominican Republic,42,2006,0,0,0,0,0,0,0.604,0.64825,0.5825,0.6,0.5,0.7335,NA,NA,NA,NA,NA,NA,0.6935,0,0,0,0,3,Upper middle income,2. Latin America
Dominican Republic,42,2007,0,0,0,0,0,0,0.604,0.64825,0.5825,0.6,0.5,0.7335,NA,NA,NA,NA,NA,NA,0.6935,0,0,0,0,3,Upper middle income,2. Latin America
Dominican Republic,42,2008,0,0,0,0,0,0,0.604,0.64825,0.5825,0.6,0.5,0.7335,NA,NA,NA,NA,NA,NA,0.6935,0,0,0,0,3,Upper middle income,2. Latin America
Dominican Republic,42,2009,0,0,0,0,0,0,0.604,0.64825,0.5825,0.6,0.5,0.7335,NA,NA,NA,NA,NA,NA,0.6935,0,0,0,0,3,Upper middle income,2. Latin America
Dominican Republic,42,2010,0,0,0,0,0,0,0.604,0.64825,0.5825,0.6,0.5,0.7335,NA,NA,NA,NA,NA,NA,0.6935,0,0,0,0,3,Upper middle income,2. Latin America
Dominican Republic,42,2011,0,0,0,0,0,0,0.604,0.64825,0.5825,0.6,0.5,0.7335,NA,NA,NA,NA,NA,NA,NA,NA,NA,NA,NA,3,Upper middle income,2. Latin America
Dominican Republic,42,2012,0,0,0,0,0,0,0.604,0.64825,0.5825,0.6,0.5,0.7335,NA,NA,NA,NA,NA,NA,NA,NA,NA,NA,NA,3,Upper middle income,2. Latin America
Jamaica,51,1970,0,0,0,0,0,0,NA,NA,NA,NA,NA,NA,NA,NA,NA,NA,NA,NA,NA,NA,NA,NA,NA,3,Upper middle income,10. The Caribbean
Jamaica,51,1971,0,0,0,0,0,0,NA,NA,NA,NA,NA,NA,NA,NA,NA,NA,NA,NA,NA,NA,NA,NA,NA,3,Upper middle income,10. The Caribbean
Jamaica,51,1972,0,0,0,0,0,0,NA,NA,NA,NA,NA,NA,NA,NA,NA,NA,NA,NA,NA,NA,NA,NA,NA,3,Upper middle income,10. The Caribbean
Jamaica,51,1973,0,0,0,0,0,0,NA,NA,NA,NA,NA,NA,NA,NA,NA,NA,NA,NA,NA,NA,NA,NA,NA,3,Upper middle income,10. The Caribbean
Jamaica,51,1974,0,0,0,0,0,0,NA,NA,NA,NA,NA,NA,NA,NA,NA,NA,NA,NA,NA,NA,NA,NA,NA,3,Upper middle income,10. The Caribbean
Jamaica,51,1975,0,0,0,0,0,0,NA,NA,NA,NA,NA,NA,NA,NA,NA,NA,NA,NA,NA,NA,NA,NA,NA,3,Upper middle income,10. The Caribbean
Jamaica,51,1976,0,0,0,0,0,0,NA,NA,NA,NA,NA,NA,NA,NA,NA,NA,NA,NA,NA,NA,NA,NA,NA,3,Upper middle income,10. The Caribbean
Jamaica,51,1977,0,0,0,0,0,0,0.3769445,0.3830139,0.4575,0.4,0.2675,0.3827778,NA,NA,NA,NA,NA,NA,NA,NA,NA,NA,NA,3,Upper middle income,10. The Caribbean
Jamaica,51,1978,0,0,0,0,0,0,0.3769445,0.3830139,0.4575,0.4,0.2675,0.3827778,NA,NA,NA,NA,NA,NA,NA,NA,NA,NA,NA,3,Upper middle income,10. The Caribbean
Jamaica,51,1979,0,0,0,0,0,0,0.3769445,0.3830139,0.4575,0.4,0.2675,0.3827778,NA,NA,NA,NA,NA,NA,NA,NA,NA,NA,NA,3,Upper middle income,10. The Caribbean
Jamaica,51,1980,0,0,0,0,0,0,0.3769445,0.3830139,0.4575,0.4,0.2675,0.3827778,NA,NA,NA,NA,NA,NA,NA,NA,NA,NA,NA,3,Upper middle income,10. The Caribbean
Jamaica,51,1981,0,0,0,0,0,0,0.3769445,0.3830139,0.4575,0.4,0.2675,0.3827778,NA,NA,NA,NA,NA,NA,NA,NA,NA,NA,NA,3,Upper middle income,10. The Caribbean
Jamaica,51,1982,0,0,0,0,0,0,0.3769445,0.3830139,0.4575,0.4,0.2675,0.3827778,NA,NA,NA,NA,NA,NA,NA,NA,NA,NA,NA,3,Upper middle income,10. The Caribbean
Jamaica,51,1983,0,0,0,0,0,0,0.3769445,0.3830139,0.4575,0.4,0.2675,0.3827778,NA,NA,NA,NA,NA,NA,NA,NA,NA,NA,NA,3,Upper middle income,10. The Caribbean
Jamaica,51,1984,0,0,0,0,0,0,0.3769445,0.3830139,0.4575,0.4,0.2675,0.3827778,NA,NA,NA,NA,NA,NA,NA,NA,NA,NA,NA,3,Upper middle income,10. The Caribbean
Jamaica,51,1985,0,0,0,0,0,0,0.3769445,0.3830139,0.4575,0.4,0.2675,0.3827778,NA,NA,NA,NA,NA,NA,NA,NA,NA,NA,NA,3,Upper middle income,10. The Caribbean
Jamaica,51,1986,0,0,0,0,0,0,0.3769445,0.3830139,0.4575,0.4,0.2675,0.3827778,NA,NA,NA,NA,NA,NA,NA,NA,NA,NA,NA,3,Upper middle income,10. The Caribbean
Jamaica,51,1987,0,0,0,0,0,0,0.3769445,0.3830139,0.4575,0.4,0.2675,0.3827778,NA,NA,NA,NA,NA,NA,NA,NA,NA,NA,NA,3,Upper middle income,10. The Caribbean
Jamaica,51,1988,0,0,0,0,0,0,0.3769445,0.3830139,0.4575,0.4,0.2675,0.3827778,NA,NA,NA,NA,NA,NA,NA,NA,NA,NA,NA,3,Upper middle income,10. The Caribbean
Jamaica,51,1989,0,0,0,0,0,0,0.3769445,0.3830139,0.4575,0.4,0.2675,0.3827778,NA,NA,NA,NA,NA,NA,NA,NA,NA,NA,NA,3,Upper middle income,10. The Caribbean
Jamaica,51,1990,0,0,0,0,0,0,0.3769445,0.3830139,0.4575,0.4,0.2675,0.3827778,NA,NA,NA,NA,NA,NA,NA,NA,NA,NA,NA,3,Upper middle income,10. The Caribbean
Jamaica,51,1991,0,0,0,0,0,0,0.3769445,0.3830139,0.4575,0.4,0.2675,0.3827778,NA,NA,NA,NA,NA,NA,NA,NA,NA,NA,NA,3,Upper middle income,10. The Caribbean
Jamaica,51,1992,0,0,0,0,0,0,0.3769445,0.3830139,0.4575,0.4,0.2675,0.3827778,NA,NA,NA,NA,NA,NA,NA,NA,NA,NA,NA,3,Upper middle income,10. The Caribbean
Jamaica,51,1993,0,0,0,0,0,0,0.3769445,0.3830139,0.4575,0.4,0.2675,0.3827778,NA,NA,NA,NA,NA,NA,0.329875,0,0,0,0,3,Upper middle income,10. The Caribbean
Jamaica,51,1994,0,0,0,0,0,0,0.3769445,0.3830139,0.4575,0.4,0.2675,0.3827778,NA,NA,NA,NA,NA,NA,0.329875,0,0,0,0,3,Upper middle income,10. The Caribbean
Jamaica,51,1995,0,0,0,0,0,0,0.3769445,0.3830139,0.4575,0.4,0.2675,0.3827778,NA,NA,NA,NA,NA,NA,0.329875,0,0,0,0,3,Upper middle income,10. The Caribbean
Jamaica,51,1996,0,0,0,0,0,0,0.3769445,0.3830139,0.4575,0.4,0.2675,0.3827778,NA,NA,NA,NA,NA,NA,0.329875,0,0,0,0,3,Upper middle income,10. The Caribbean
Jamaica,51,1997,0,0,0,0,0,0,0.3769445,0.3830139,0.4575,0.4,0.2675,0.3827778,NA,NA,NA,NA,NA,NA,0.329875,0,0,0,0,3,Upper middle income,10. The Caribbean
Jamaica,51,1998,0,0,0,0,0,0,0.3769445,0.3830139,0.4575,0.4,0.2675,0.3827778,NA,NA,NA,NA,NA,NA,0.329875,0,0,0,0,3,Upper middle income,10. The Caribbean
Jamaica,51,1999,0,0,0,0,0,0,0.3769445,0.3830139,0.4575,0.4,0.2675,0.3827778,NA,NA,NA,NA,NA,NA,0.329875,0,0,0,0,3,Upper middle income,10. The Caribbean
Jamaica,51,2000,0,0,0,0,0,0,0.3769445,0.3830139,0.4575,0.4,0.2675,0.3827778,NA,NA,NA,NA,NA,NA,0.329875,0,0,0,0,3,Upper middle income,10. The Caribbean
Jamaica,51,2001,0,0,0,0,0,0,0.3769445,0.3830139,0.4575,0.4,0.2675,0.3827778,NA,NA,NA,NA,NA,NA,0.329875,0,0,0,0,3,Upper middle income,10. The Caribbean
Jamaica,51,2002,0,0,0,0,0,0,0.3769445,0.3830139,0.4575,0.4,0.2675,0.3827778,NA,NA,NA,NA,NA,NA,0.329875,0,0,0,0,3,Upper middle income,10. The Caribbean
Jamaica,51,2003,0,0,0,0,0,0,0.3769445,0.3830139,0.4575,0.4,0.2675,0.3827778,NA,NA,NA,NA,NA,0.42,0.329875,0,0,0,0,3,Upper middle income,10. The Caribbean
Jamaica,51,2004,0,0,0,0,0,0,0.3769445,0.3830139,0.4575,0.4,0.2675,0.3827778,NA,NA,NA,NA,NA,NA,0.329875,0,0,0,0,3,Upper middle income,10. The Caribbean
Jamaica,51,2005,0,0,0,0,0,0,0.3769445,0.3830139,0.4575,0.4,0.2675,0.3827778,NA,NA,NA,NA,NA,NA,0.329875,0,0,0,0,3,Upper middle income,10. The Caribbean
Jamaica,51,2006,0,0,0,0,0,0,0.3769445,0.3830139,0.4575,0.4,0.2675,0.3827778,NA,NA,NA,NA,NA,NA,0.329875,0,0,0,0,3,Upper middle income,10. The Caribbean
Jamaica,51,2007,0,0,0,0,0,0,0.3769445,0.3830139,0.4575,0.4,0.2675,0.3827778,NA,NA,NA,NA,NA,NA,0.329875,0,0,0,0,3,Upper middle income,10. The Caribbean
Jamaica,51,2008,0,0,0,0,0,0,0.3769445,0.3830139,0.4575,0.4,0.2675,0.3827778,NA,NA,NA,NA,NA,NA,0.329875,0,0,0,0,3,Upper middle income,10. The Caribbean
Jamaica,51,2009,0,0,0,0,0,0,0.3769445,0.3830139,0.4575,0.4,0.2675,0.3827778,NA,NA,NA,NA,NA,NA,0.329875,0,0,0,0,3,Upper middle income,10. The Caribbean
Jamaica,51,2010,0,0,0,0,0,0,0.3769445,0.3830139,0.4575,0.4,0.2675,0.3827778,NA,NA,NA,NA,NA,NA,0.329875,0,0,0,0,3,Upper middle income,10. The Caribbean
Jamaica,51,2011,0,0,0,0,0,0,0.3769445,0.3830139,0.4575,0.4,0.2675,0.3827778,NA,NA,NA,NA,NA,NA,NA,NA,NA,NA,NA,3,Upper middle income,10. The Caribbean
Jamaica,51,2012,0,0,0,0,0,0,0.3769445,0.3830139,0.4575,0.4,0.2675,0.3827778,NA,NA,NA,NA,NA,NA,NA,NA,NA,NA,NA,3,Upper middle income,10. The Caribbean
Trinidad and Tobago,52,1970,0,0,0,0,0,0,0.395625,0.431375,0.52,0.4,0.1825,0.48,NA,NA,NA,NA,NA,NA,NA,NA,NA,NA,NA,4,High income: nonOECD,10. The Caribbean
Trinidad and Tobago,52,1971,0,0,0,0,0,0,0.395625,0.431375,0.52,0.4,0.1825,0.48,NA,NA,NA,NA,NA,NA,NA,NA,NA,NA,NA,4,High income: nonOECD,10. The Caribbean
Trinidad and Tobago,52,1972,0,0,0,0,0,0,0.395625,0.431375,0.52,0.4,0.1825,0.48,NA,NA,NA,NA,NA,NA,NA,NA,NA,NA,NA,4,High income: nonOECD,10. The Caribbean
Trinidad and Tobago,52,1973,0,0,0,0,0,0,0.395625,0.431375,0.52,0.4,0.1825,0.48,NA,NA,NA,NA,NA,NA,NA,NA,NA,NA,NA,4,High income: nonOECD,10. The Caribbean
Trinidad and Tobago,52,1974,0,0,0,0,0,0,0.395625,0.431375,0.52,0.4,0.1825,0.48,NA,NA,NA,NA,NA,NA,NA,NA,NA,NA,NA,4,High income: nonOECD,10. The Caribbean
Trinidad and Tobago,52,1975,0,0,0,0,0,0,0.395625,0.431375,0.52,0.4,0.1825,0.48,NA,NA,NA,NA,NA,NA,NA,NA,NA,NA,NA,4,High income: nonOECD,10. The Caribbean
Trinidad and Tobago,52,1976,0,0,0,0,0,0,0.395625,0.431375,0.52,0.4,0.1825,0.48,NA,NA,NA,NA,NA,NA,NA,NA,NA,NA,NA,4,High income: nonOECD,10. The Caribbean
Trinidad and Tobago,52,1977,0,0,0,0,0,0,0.395625,0.431375,0.52,0.4,0.1825,0.48,NA,NA,NA,NA,NA,NA,NA,NA,NA,NA,NA,4,High income: nonOECD,10. The Caribbean
Trinidad and Tobago,52,1978,0,0,0,0,0,0,0.395625,0.431375,0.52,0.4,0.1825,0.48,NA,NA,NA,NA,NA,NA,NA,NA,NA,NA,NA,4,High income: nonOECD,10. The Caribbean
Trinidad and Tobago,52,1979,0,0,0,0,0,0,0.395625,0.431375,0.52,0.4,0.1825,0.48,NA,NA,NA,NA,NA,NA,NA,NA,NA,NA,NA,4,High income: nonOECD,10. The Caribbean
